name,category,subcategory,price,compareAtPrice,description,sizes,image1,image2,featured,isNew,trending
"Silk Slip Dress",women,Dresses,189,,"Cut on the bias from washed silk, this slip falls with a fluid drape. Adjustable straps and a midi hem — day to evening without a second thought.",,silk-slip-dress-1.jpg,silk-slip-dress-2.jpg,yes,no,yes
"Oversized Wool Coat",women,Outerwear,349,429,"A generously cut overcoat in double-faced wool with dropped shoulders. Worn open or closed — the quiet anchor of a winter wardrobe.",,oversized-wool-coat-1.jpg,oversized-wool-coat-2.jpg,yes,no,yes
"Cashmere Crewneck",women,Knitwear,148,,"Spun from a soft cashmere blend with a relaxed crew neckline. Slightly cropped body, ribbed trims, endlessly layerable.",,cashmere-crewneck-1.jpg,cashmere-crewneck-2.jpg,no,yes,no
"Wide-Leg Trousers",women,Trousers,128,,"High-waisted with a clean pressed crease and a full, fluid leg. Tailoring that moves the way you do.",,wide-leg-trousers-1.jpg,wide-leg-trousers-2.jpg,no,no,yes
"Unstructured Linen Blazer",women,Blazers,168,,"An easy, unlined blazer in washed linen with soft shoulders and a relaxed body — throw it over anything.",,unstructured-linen-blazer-1.jpg,unstructured-linen-blazer-2.jpg,no,yes,no
"Classic Oxford Shirt",men,Shirts,89,,"A crisp button-down in breathable oxford cotton. Rolled sleeves or buttoned cuffs — it holds its shape either way.",,classic-oxford-shirt-1.jpg,classic-oxford-shirt-2.jpg,no,no,yes
"Tailored Wool Overcoat",men,Outerwear,329,399,"Sharp shoulders, clean lines, double-faced wool. The coat that makes everything underneath look considered.",,tailored-wool-overcoat-1.jpg,tailored-wool-overcoat-2.jpg,yes,no,yes
"Fisherman Knit Sweater",men,Knitwear,138,,"A heavyweight ribbed knit with a chunky cable texture. Warm without bulk, and better with every wear.",,fisherman-knit-sweater-1.jpg,fisherman-knit-sweater-2.jpg,no,yes,no
"Essential Heavyweight Tee",men,T-Shirts,45,,"Dense combed cotton with a structured drape and a collar that keeps its shape. The white tee, done properly.",,essential-heavyweight-tee-1.jpg,essential-heavyweight-tee-2.jpg,yes,no,no
"Pleated Wide-Leg Trousers",men,Trousers,118,,"Double-pleated with a relaxed, full leg in a soft stone twill. Dress them up, dress them down — they don't mind.",,pleated-wide-leg-trousers-1.jpg,pleated-wide-leg-trousers-2.jpg,no,yes,yes
